INSERT INTO `users` (`id`, `username`, `email`, `password`, `access_level`, `createdAt`, `updatedAt`)
VALUES (1, 'bob martin', 'm@s.com', '$2b$12$yZKkagZl.BbhpOP91eQy6Oz2qRsnhyIVjcrO.gQa4Og4eWCryiqCK', 1,
        '2022-12-01 17:58:56', '2022-12-01 17:58:56'),
       (2, 'martin bob', 's@m.com', '$2b$12$IstvtrJmjVQKKn9qNBg3b.7EX.laolRMlNWcjIsUg3wU2b1q7YAGe', 1,
        '2022-12-02 17:36:59', '2022-12-02 17:36:59'),
       (3, 'bob bob', 'm@m.com', '$2b$12$TQ68vubezZboc3Hp2hA8w.ekCOwi1Suwc4uR6UMY35BK70.d6sWZa', 1,
        '2022-12-02 17:37:16', '2022-12-02 17:37:16'),
       (4, 'martin martin', 's@s.com', '$2b$12$SqHKgjDdU.Y.cyUFRdfR8OYW9.15yJAuMZibVtKpNgomLQdKOwaMa', 1,
        '2022-12-02 17:37:25', '2022-12-02 17:37:25');
INSERT INTO `places` (`id`, `title`, `description`, `steps`, `latitude`, `longitude`, `user_id`, `createdAt`,
                      `updatedAt`)
VALUES (1, 'Lieu 1', 'description', 'steps', 0, 0, 1, '2022-12-01 17:59:11', '2022-12-01 17:59:11'),
       (2, 'Lieu 2', 'description', 'steps', 50, 50, 1, '2022-12-01 17:59:30', '2022-12-01 17:59:30'),
       (3, 'Lieu 3', 'description', 'steps', 90, 180, 1, '2022-12-01 17:59:47', '2022-12-01 17:59:47'),
       (4, 'Lieu 4', 'description', 'steps', -50, -20, 1, '2022-12-01 18:25:33', '2022-12-01 18:25:33');

INSERT INTO `climbs` (`id`, `title`, `description`, `style`, `difficulty_level`, `images`, `place_id`, `user_id`,
                      `createdAt`, `updatedAt`)
VALUES (1, 'Grimpe 1', 'Description', 'traditional', '5.60', 'AZgtk.jpg', 1, 2, '2022-12-01 18:01:43',
        '2022-12-01 18:01:43'),
       (2, 'Grimpe 2', 'Description', 'traditional', '5.70', 'balloons.jpg', 2, 1, '2022-12-01 18:05:52',
        '2022-12-01 18:05:52'),
       (3, 'Grimpe 3', 'Description', 'traditional', '5.80', 'compress-jpeg-online.jpg', 3, 1, '2022-12-01 18:11:16',
        '2022-12-01 18:11:16'),
       (4, 'Grimpe 4', 'Description', 'traditional', '5.90', 'daylily-flower-and-buds-sharp.jpg', 4, 1,
        '2022-12-01 18:29:15', '2022-12-01 18:29:15'),
       (5, 'Grimpe 5', 'description', 'sport', '5.10', 'AZgtk.jpg', 1, 1, '2022-12-01 18:53:54', '2022-12-01 19:38:15'),
       (6, 'Grimpe 6', 'Description', 'sport', '5.11', 'daylily-flower-and-buds-sharp.jpg', 2, 1, '2022-12-01 19:41:44',
        '2022-12-01 19:41:44'),
       (7, 'Grimpe 7', 'description', 'sport', '5.12', 'compress-jpeg-online.jpg', 3, 1, '2022-12-01 19:42:24',
        '2022-12-01 19:42:24'),
       (8, 'Grimpe 8', 'Description', 'sport', '5.13', 'balloons.jpg', 4, 1, '2022-12-01 19:43:19',
        '2022-12-01 19:43:19'),
       (9, 'Grimpe 9', 'Description', 'top_roping', '5.14', 'compress-jpeg-online.jpg', 1, 1, '2022-12-01 19:44:06',
        '2022-12-01 19:44:06'),
       (10, 'Grimpe 10', 'Description', 'top_roping', '5.15', 'AZgtk.jpg', 2, 1, '2022-12-01 19:44:50',
        '2022-12-01 19:44:50'),
       (11, 'Grimpe 11', 'Description', 'top_roping', '5.60', 'balloons.jpg', 3, 1, '2022-12-01 19:45:42',
        '2022-12-01 19:45:42'),
       (12, 'Grimpe 12', 'Description', 'top_roping', '5.70', 'daylily-flower-and-buds-sharp.jpg', 4, 1,
        '2022-12-01 19:46:12', '2022-12-01 19:46:12');

INSERT INTO `user_rates` (`user_id`, `climb_id`, `rate`)
VALUES (1, 1, 1),
       (1, 2, 2),
       (1, 3, 3),
       (1, 4, 4),
       (1, 5, 5),
       (1, 6, 1),
       (1, 7, 2),
       (1, 8, 3),
       (1, 9, 4),
       (1, 10, 5),
       (1, 11, 1),
       (1, 12, 2),

       (2, 1, 3),
       (2, 2, 4),
       (2, 3, 5),
       (2, 4, 1),
       (2, 5, 2),
       (2, 6, 3),
       (2, 7, 4),
       (2, 8, 5),
       (2, 9, 1),
       (2, 10, 2),
       (2, 11, 3),
       (2, 12, 4),

       (3, 1, 5),
       (3, 2, 1),
       (3, 3, 2),
       (3, 4, 3),
       (3, 5, 4),
       (3, 6, 5),
       (3, 7, 1),
       (3, 8, 2),
       (3, 9, 3),
       (3, 10, 4),
       (3, 11, 5),
       (3, 12, 1),

       (4, 1, 2),
       (4, 2, 3),
       (4, 3, 4),
       (4, 4, 5),
       (4, 5, 1),
       (4, 6, 2),
       (4, 7, 3),
       (4, 8, 4),
       (4, 9, 5),
       (4, 10, 1),
       (4, 11, 2),
       (4, 12, 3);

